Date_reported,Country_code,Country,WHO_region,New_cases,Cumulative_cases,New_deaths,Cumulative_deaths
2020-01-03,LK,Sri Lanka,SEARO,0,0,0,0
2020-01-04,LK,Sri Lanka,SEARO,0,0,0,0
2020-01-05,LK,Sri Lanka,SEARO,0,0,0,0
2020-01-06,LK,Sri Lanka,SEARO,0,0,0,0
2020-01-07,LK,Sri Lanka,SEARO,0,0,0,0
2020-01-08,LK,Sri Lanka,SEARO,0,0,0,0
2020-01-09,LK,Sri Lanka,SEARO,0,0,0,0
2020-01-10,LK,Sri Lanka,SEARO,0,0,0,0
2020-01-11,LK,Sri Lanka,SEARO,0,0,0,0
2020-01-12,LK,Sri Lanka,SEARO,0,0,0,0
2020-01-13,LK,Sri Lanka,SEARO,0,0,0,0
2020-01-14,LK,Sri Lanka,SEARO,0,0,0,0
2020-01-15,LK,Sri Lanka,SEARO,0,0,0,0
2020-01-16,LK,Sri Lanka,SEARO,0,0,0,0
2020-01-17,LK,Sri Lanka,SEARO,0,0,0,0
2020-01-18,LK,Sri Lanka,SEARO,0,0,0,0
2020-01-19,LK,Sri Lanka,SEARO,0,0,0,0
2020-01-20,LK,Sri Lanka,SEARO,0,0,0,0
2020-01-21,LK,Sri Lanka,SEARO,0,0,0,0
2020-01-22,LK,Sri Lanka,SEARO,0,0,0,0
2020-01-23,LK,Sri Lanka,SEARO,0,0,0,0
2020-01-24,LK,Sri Lanka,SEARO,0,0,0,0
2020-01-25,LK,Sri Lanka,SEARO,0,0,0,0
2020-01-26,LK,Sri Lanka,SEARO,0,0,0,0
2020-01-27,LK,Sri Lanka,SEARO,5,5,0,0
2020-01-28,LK,Sri Lanka,SEARO,-4,1,0,0
2020-01-29,LK,Sri Lanka,SEARO,4,5,0,0
2020-01-30,LK,Sri Lanka,SEARO,0,5,0,0
2020-01-31,LK,Sri Lanka,SEARO,0,5,0,0
2020-02-01,LK,Sri Lanka,SEARO,0,5,0,0
2020-02-02,LK,Sri Lanka,SEARO,0,5,0,0
2020-02-03,LK,Sri Lanka,SEARO,0,5,0,0
2020-02-04,LK,Sri Lanka,SEARO,0,5,0,0
2020-02-05,LK,Sri Lanka,SEARO,0,5,0,0
2020-02-06,LK,Sri Lanka,SEARO,0,5,0,0
2020-02-07,LK,Sri Lanka,SEARO,0,5,0,0
2020-02-08,LK,Sri Lanka,SEARO,0,5,0,0
2020-02-09,LK,Sri Lanka,SEARO,0,5,0,0
2020-02-10,LK,Sri Lanka,SEARO,0,5,0,0
2020-02-11,LK,Sri Lanka,SEARO,0,5,0,0
2020-02-12,LK,Sri Lanka,SEARO,0,5,0,0
2020-02-13,LK,Sri Lanka,SEARO,0,5,0,0
2020-02-14,LK,Sri Lanka,SEARO,0,5,0,0
2020-02-15,LK,Sri Lanka,SEARO,0,5,0,0
2020-02-16,LK,Sri Lanka,SEARO,0,5,0,0
2020-02-17,LK,Sri Lanka,SEARO,0,5,0,0
2020-02-18,LK,Sri Lanka,SEARO,0,5,0,0
2020-02-19,LK,Sri Lanka,SEARO,0,5,0,0
2020-02-20,LK,Sri Lanka,SEARO,0,5,0,0
2020-02-21,LK,Sri Lanka,SEARO,0,5,0,0
2020-02-22,LK,Sri Lanka,SEARO,0,5,0,0
2020-02-23,LK,Sri Lanka,SEARO,0,5,0,0
2020-02-24,LK,Sri Lanka,SEARO,0,5,0,0
2020-02-25,LK,Sri Lanka,SEARO,0,5,0,0
2020-02-26,LK,Sri Lanka,SEARO,0,5,0,0
2020-02-27,LK,Sri Lanka,SEARO,0,5,0,0
2020-02-28,LK,Sri Lanka,SEARO,0,5,0,0
2020-02-29,LK,Sri Lanka,SEARO,0,5,0,0
2020-03-01,LK,Sri Lanka,SEARO,0,5,0,0
2020-03-02,LK,Sri Lanka,SEARO,0,5,0,0
2020-03-03,LK,Sri Lanka,SEARO,0,5,0,0
2020-03-04,LK,Sri Lanka,SEARO,0,5,0,0
2020-03-05,LK,Sri Lanka,SEARO,0,5,0,0
2020-03-06,LK,Sri Lanka,SEARO,0,5,0,0
2020-03-07,LK,Sri Lanka,SEARO,0,5,0,0
2020-03-08,LK,Sri Lanka,SEARO,0,5,0,0
2020-03-09,LK,Sri Lanka,SEARO,0,5,0,0
2020-03-10,LK,Sri Lanka,SEARO,0,5,0,0
2020-03-11,LK,Sri Lanka,SEARO,-3,2,0,0
2020-03-12,LK,Sri Lanka,SEARO,1,3,0,0
2020-03-13,LK,Sri Lanka,SEARO,4,7,0,0
2020-03-14,LK,Sri Lanka,SEARO,-1,6,0,0
2020-03-15,LK,Sri Lanka,SEARO,5,11,0,0
2020-03-16,LK,Sri Lanka,SEARO,8,19,0,0
2020-03-17,LK,Sri Lanka,SEARO,10,29,0,0
2020-03-18,LK,Sri Lanka,SEARO,13,42,0,0
2020-03-19,LK,Sri Lanka,SEARO,11,53,0,0
2020-03-20,LK,Sri Lanka,SEARO,13,66,0,0
2020-03-21,LK,Sri Lanka,SEARO,6,72,0,0
2020-03-22,LK,Sri Lanka,SEARO,10,82,0,0
2020-03-23,LK,Sri Lanka,SEARO,12,94,0,0
2020-03-24,LK,Sri Lanka,SEARO,3,97,0,0
2020-03-25,LK,Sri Lanka,SEARO,5,102,0,0
2020-03-26,LK,Sri Lanka,SEARO,0,102,0,0
2020-03-27,LK,Sri Lanka,SEARO,4,106,0,0
2020-03-28,LK,Sri Lanka,SEARO,0,106,0,0
2020-03-29,LK,Sri Lanka,SEARO,9,115,1,1
2020-03-30,LK,Sri Lanka,SEARO,5,120,0,1
2020-03-31,LK,Sri Lanka,SEARO,2,122,1,2
2020-04-01,LK,Sri Lanka,SEARO,21,143,0,2
2020-04-02,LK,Sri Lanka,SEARO,5,148,1,3
2020-04-03,LK,Sri Lanka,SEARO,3,151,1,4
2020-04-04,LK,Sri Lanka,SEARO,8,159,1,5
2020-04-05,LK,Sri Lanka,SEARO,7,166,0,5
2020-04-06,LK,Sri Lanka,SEARO,10,176,0,5
2020-04-07,LK,Sri Lanka,SEARO,4,180,1,6
2020-04-08,LK,Sri Lanka,SEARO,6,186,-6,0
2020-04-09,LK,Sri Lanka,SEARO,3,189,7,7
2020-04-10,LK,Sri Lanka,SEARO,1,190,0,7
2020-04-11,LK,Sri Lanka,SEARO,7,197,0,7
2020-04-12,LK,Sri Lanka,SEARO,2,199,0,7
2020-04-13,LK,Sri Lanka,SEARO,11,210,0,7
2020-04-14,LK,Sri Lanka,SEARO,8,218,0,7
2020-04-15,LK,Sri Lanka,SEARO,15,233,0,7
2020-04-16,LK,Sri Lanka,SEARO,5,238,0,7
2020-04-17,LK,Sri Lanka,SEARO,0,238,0,7
2020-04-18,LK,Sri Lanka,SEARO,6,244,0,7
2020-04-19,LK,Sri Lanka,SEARO,10,254,0,7
2020-04-20,LK,Sri Lanka,SEARO,17,271,0,7
2020-04-21,LK,Sri Lanka,SEARO,33,304,0,7
2020-04-22,LK,Sri Lanka,SEARO,6,310,0,7
2020-04-23,LK,Sri Lanka,SEARO,20,330,0,7
2020-04-24,LK,Sri Lanka,SEARO,38,368,0,7
2020-04-25,LK,Sri Lanka,SEARO,52,420,0,7
2020-04-26,LK,Sri Lanka,SEARO,40,460,0,7
2020-04-27,LK,Sri Lanka,SEARO,63,523,0,7
2020-04-28,LK,Sri Lanka,SEARO,65,588,0,7
2020-04-29,LK,Sri Lanka,SEARO,31,619,0,7
2020-04-30,LK,Sri Lanka,SEARO,30,649,0,7
2020-05-01,LK,Sri Lanka,SEARO,16,665,0,7
2020-05-02,LK,Sri Lanka,SEARO,25,690,0,7
2020-05-03,LK,Sri Lanka,SEARO,15,705,0,7
2020-05-04,LK,Sri Lanka,SEARO,13,718,1,8
2020-05-05,LK,Sri Lanka,SEARO,37,755,0,8
2020-05-06,LK,Sri Lanka,SEARO,16,771,1,9
2020-05-07,LK,Sri Lanka,SEARO,26,797,0,9
2020-05-08,LK,Sri Lanka,SEARO,27,824,0,9
2020-05-09,LK,Sri Lanka,SEARO,11,835,0,9
2020-05-10,LK,Sri Lanka,SEARO,12,847,0,9
2020-05-11,LK,Sri Lanka,SEARO,16,863,0,9
2020-05-12,LK,Sri Lanka,SEARO,26,889,0,9
2020-05-13,LK,Sri Lanka,SEARO,26,915,0,9
2020-05-14,LK,Sri Lanka,SEARO,10,925,0,9
2020-05-15,LK,Sri Lanka,SEARO,10,935,0,9
2020-05-16,LK,Sri Lanka,SEARO,25,960,0,9
2020-05-17,LK,Sri Lanka,SEARO,21,981,0,9
2020-05-18,LK,Sri Lanka,SEARO,11,992,0,9
2020-05-19,LK,Sri Lanka,SEARO,35,1027,0,9
2020-05-20,LK,Sri Lanka,SEARO,1,1028,0,9
2020-05-21,LK,Sri Lanka,SEARO,27,1055,0,9
2020-05-22,LK,Sri Lanka,SEARO,13,1068,0,9
2020-05-23,LK,Sri Lanka,SEARO,21,1089,0,9
2020-05-24,LK,Sri Lanka,SEARO,52,1141,0,9
2020-05-25,LK,Sri Lanka,SEARO,41,1182,1,10
2020-05-26,LK,Sri Lanka,SEARO,137,1319,0,10
2020-05-27,LK,Sri Lanka,SEARO,150,1469,0,10
2020-05-28,LK,Sri Lanka,SEARO,61,1530,0,10
2020-05-29,LK,Sri Lanka,SEARO,28,1558,0,10
2020-05-30,LK,Sri Lanka,SEARO,62,1620,0,10
2020-05-31,LK,Sri Lanka,SEARO,13,1633,0,10
2020-06-01,LK,Sri Lanka,SEARO,10,1643,1,11
2020-06-02,LK,Sri Lanka,SEARO,40,1683,0,11
2020-06-03,LK,Sri Lanka,SEARO,66,1749,0,11
2020-06-04,LK,Sri Lanka,SEARO,48,1797,0,11
2020-06-05,LK,Sri Lanka,SEARO,4,1801,0,11
2020-06-06,LK,Sri Lanka,SEARO,13,1814,0,11
2020-06-07,LK,Sri Lanka,SEARO,21,1835,0,11
2020-06-08,LK,Sri Lanka,SEARO,22,1857,0,11
2020-06-09,LK,Sri Lanka,SEARO,2,1859,0,11
2020-06-10,LK,Sri Lanka,SEARO,10,1869,0,11
2020-06-11,LK,Sri Lanka,SEARO,8,1877,0,11
2020-06-12,LK,Sri Lanka,SEARO,3,1880,0,11
2020-06-13,LK,Sri Lanka,SEARO,4,1884,0,11
2020-06-14,LK,Sri Lanka,SEARO,5,1889,0,11
2020-06-15,LK,Sri Lanka,SEARO,16,1905,0,11
2020-06-16,LK,Sri Lanka,SEARO,10,1915,0,11
2020-06-17,LK,Sri Lanka,SEARO,9,1924,0,11
2020-06-18,LK,Sri Lanka,SEARO,23,1947,0,11
2020-06-19,LK,Sri Lanka,SEARO,3,1950,0,11
2020-06-20,LK,Sri Lanka,SEARO,0,1950,0,11
2020-06-21,LK,Sri Lanka,SEARO,0,1950,0,11
2020-06-22,LK,Sri Lanka,SEARO,1,1951,0,11
2020-06-23,LK,Sri Lanka,SEARO,40,1991,0,11
2020-06-24,LK,Sri Lanka,SEARO,10,2001,0,11
2020-06-25,LK,Sri Lanka,SEARO,9,2010,0,11
2020-06-26,LK,Sri Lanka,SEARO,4,2014,0,11
2020-06-27,LK,Sri Lanka,SEARO,19,2033,0,11
2020-06-28,LK,Sri Lanka,SEARO,4,2037,0,11
2020-06-29,LK,Sri Lanka,SEARO,5,2042,0,11
2020-06-30,LK,Sri Lanka,SEARO,5,2047,0,11
2020-07-01,LK,Sri Lanka,SEARO,7,2054,0,11
2020-07-02,LK,Sri Lanka,SEARO,12,2066,0,11
2020-07-03,LK,Sri Lanka,SEARO,3,2069,0,11
2020-07-04,LK,Sri Lanka,SEARO,5,2074,0,11
2020-07-05,LK,Sri Lanka,SEARO,2,2076,0,11
2020-07-06,LK,Sri Lanka,SEARO,1,2077,0,11
2020-07-07,LK,Sri Lanka,SEARO,4,2081,0,11
2020-07-08,LK,Sri Lanka,SEARO,13,2094,0,11
2020-07-09,LK,Sri Lanka,SEARO,60,2154,0,11
2020-07-10,LK,Sri Lanka,SEARO,300,2454,0,11
2020-07-11,LK,Sri Lanka,SEARO,57,2511,0,11
2020-07-12,LK,Sri Lanka,SEARO,106,2617,0,11
2020-07-13,LK,Sri Lanka,SEARO,29,2646,0,11
2020-07-14,LK,Sri Lanka,SEARO,19,2665,0,11
2020-07-15,LK,Sri Lanka,SEARO,9,2674,0,11
2020-07-16,LK,Sri Lanka,SEARO,13,2687,0,11
2020-07-17,LK,Sri Lanka,SEARO,10,2697,0,11
2020-07-18,LK,Sri Lanka,SEARO,7,2704,0,11
2020-07-19,LK,Sri Lanka,SEARO,20,2724,0,11
2020-07-20,LK,Sri Lanka,SEARO,6,2730,0,11
2020-07-21,LK,Sri Lanka,SEARO,0,2730,0,11
2020-07-22,LK,Sri Lanka,SEARO,22,2752,0,11
2020-07-23,LK,Sri Lanka,SEARO,1,2753,0,11
2020-07-24,LK,Sri Lanka,SEARO,11,2764,0,11
2020-07-25,LK,Sri Lanka,SEARO,6,2770,0,11
2020-07-26,LK,Sri Lanka,SEARO,12,2782,0,11
2020-07-27,LK,Sri Lanka,SEARO,23,2805,0,11
2020-07-28,LK,Sri Lanka,SEARO,5,2810,0,11
2020-07-29,LK,Sri Lanka,SEARO,0,2810,0,11
2020-07-30,LK,Sri Lanka,SEARO,4,2814,0,11
2020-07-31,LK,Sri Lanka,SEARO,1,2815,0,11
2020-08-01,LK,Sri Lanka,SEARO,0,2815,0,11
2020-08-02,LK,Sri Lanka,SEARO,8,2823,0,11
2020-08-03,LK,Sri Lanka,SEARO,5,2828,0,11
2020-08-04,LK,Sri Lanka,SEARO,6,2834,0,11
2020-08-05,LK,Sri Lanka,SEARO,5,2839,0,11
2020-08-06,LK,Sri Lanka,SEARO,0,2839,0,11
2020-08-07,LK,Sri Lanka,SEARO,0,2839,0,11
2020-08-08,LK,Sri Lanka,SEARO,2,2841,0,11
2020-08-09,LK,Sri Lanka,SEARO,3,2844,0,11
2020-08-10,LK,Sri Lanka,SEARO,0,2844,0,11
2020-08-11,LK,Sri Lanka,SEARO,27,2871,0,11
2020-08-12,LK,Sri Lanka,SEARO,9,2880,0,11
2020-08-13,LK,Sri Lanka,SEARO,1,2881,0,11
2020-08-14,LK,Sri Lanka,SEARO,1,2882,0,11
2020-08-15,LK,Sri Lanka,SEARO,4,2886,0,11
2020-08-16,LK,Sri Lanka,SEARO,4,2890,0,11
2020-08-17,LK,Sri Lanka,SEARO,3,2893,0,11
2020-08-18,LK,Sri Lanka,SEARO,7,2900,0,11
2020-08-19,LK,Sri Lanka,SEARO,2,2902,0,11
2020-08-20,LK,Sri Lanka,SEARO,0,2902,0,11
2020-08-21,LK,Sri Lanka,SEARO,16,2918,0,11
2020-08-22,LK,Sri Lanka,SEARO,23,2941,0,11
2020-08-23,LK,Sri Lanka,SEARO,6,2947,1,12
2020-08-24,LK,Sri Lanka,SEARO,6,2953,0,12
2020-08-25,LK,Sri Lanka,SEARO,6,2959,0,12
2020-08-26,LK,Sri Lanka,SEARO,12,2971,0,12
2020-08-27,LK,Sri Lanka,SEARO,13,2984,0,12
2020-08-28,LK,Sri Lanka,SEARO,4,2988,0,12
2020-08-29,LK,Sri Lanka,SEARO,7,2995,0,12
2020-08-30,LK,Sri Lanka,SEARO,17,3012,0,12
2020-08-31,LK,Sri Lanka,SEARO,37,3049,0,12
2020-09-01,LK,Sri Lanka,SEARO,43,3092,0,12
2020-09-02,LK,Sri Lanka,SEARO,9,3101,0,12
2020-09-03,LK,Sri Lanka,SEARO,10,3111,0,12
2020-09-04,LK,Sri Lanka,SEARO,4,3115,0,12
2020-09-05,LK,Sri Lanka,SEARO,6,3121,0,12
2020-09-06,LK,Sri Lanka,SEARO,2,3123,0,12
2020-09-07,LK,Sri Lanka,SEARO,0,3123,0,12
2020-09-08,LK,Sri Lanka,SEARO,17,3140,0,12
2020-09-09,LK,Sri Lanka,SEARO,7,3147,0,12
2020-09-10,LK,Sri Lanka,SEARO,8,3155,0,12
2020-09-11,LK,Sri Lanka,SEARO,14,3169,0,12
2020-09-12,LK,Sri Lanka,SEARO,26,3195,0,12
2020-09-13,LK,Sri Lanka,SEARO,39,3234,0,12
2020-09-14,LK,Sri Lanka,SEARO,28,3262,0,12
2020-09-15,LK,Sri Lanka,SEARO,9,3271,1,13
2020-09-16,LK,Sri Lanka,SEARO,0,3271,0,13
2020-09-17,LK,Sri Lanka,SEARO,5,3276,0,13
2020-09-18,LK,Sri Lanka,SEARO,5,3281,0,13
2020-09-19,LK,Sri Lanka,SEARO,2,3283,0,13
2020-09-20,LK,Sri Lanka,SEARO,4,3287,0,13
2020-09-21,LK,Sri Lanka,SEARO,12,3299,0,13
2020-09-22,LK,Sri Lanka,SEARO,14,3313,0,13
2020-09-23,LK,Sri Lanka,SEARO,11,3324,0,13
2020-09-24,LK,Sri Lanka,SEARO,9,3333,0,13
2020-09-25,LK,Sri Lanka,SEARO,12,3345,0,13
2020-09-26,LK,Sri Lanka,SEARO,4,3349,0,13
2020-09-27,LK,Sri Lanka,SEARO,11,3360,0,13
2020-09-28,LK,Sri Lanka,SEARO,3,3363,0,13
2020-09-29,LK,Sri Lanka,SEARO,11,3374,0,13
2020-09-30,LK,Sri Lanka,SEARO,6,3380,0,13
2020-10-01,LK,Sri Lanka,SEARO,2,3382,0,13
2020-10-02,LK,Sri Lanka,SEARO,6,3388,0,13
2020-10-03,LK,Sri Lanka,SEARO,7,3395,0,13
2020-10-04,LK,Sri Lanka,SEARO,7,3402,0,13
2020-10-05,LK,Sri Lanka,SEARO,111,3513,0,13
2020-10-06,LK,Sri Lanka,SEARO,739,4252,0,13
2020-10-07,LK,Sri Lanka,SEARO,207,4459,0,13
2020-10-08,LK,Sri Lanka,SEARO,29,4488,0,13
2020-10-09,LK,Sri Lanka,SEARO,35,4523,0,13
2020-10-10,LK,Sri Lanka,SEARO,105,4628,0,13
2020-10-11,LK,Sri Lanka,SEARO,124,4752,0,13
2020-10-12,LK,Sri Lanka,SEARO,92,4844,0,13
2020-10-13,LK,Sri Lanka,SEARO,194,5038,0,13
2020-10-14,LK,Sri Lanka,SEARO,130,5168,0,13
2020-10-15,LK,Sri Lanka,SEARO,76,5244,0,13
2020-10-16,LK,Sri Lanka,SEARO,110,5354,0,13
2020-10-17,LK,Sri Lanka,SEARO,121,5475,0,13
2020-10-18,LK,Sri Lanka,SEARO,63,5538,0,13
2020-10-19,LK,Sri Lanka,SEARO,87,5625,0,13
2020-10-20,LK,Sri Lanka,SEARO,186,5811,0,13
2020-10-21,LK,Sri Lanka,SEARO,217,6028,0,13
2020-10-22,LK,Sri Lanka,SEARO,259,6287,1,14
2020-10-23,LK,Sri Lanka,SEARO,866,7153,0,14
2020-10-24,LK,Sri Lanka,SEARO,368,7521,0,14
2020-10-25,LK,Sri Lanka,SEARO,351,7872,1,15
2020-10-26,LK,Sri Lanka,SEARO,541,8413,1,16
2020-10-27,LK,Sri Lanka,SEARO,457,8870,3,19
2020-10-28,LK,Sri Lanka,SEARO,335,9205,0,19
2020-10-29,LK,Sri Lanka,SEARO,586,9791,0,19
2020-10-30,LK,Sri Lanka,SEARO,633,10424,0,19
2020-10-31,LK,Sri Lanka,SEARO,239,10663,1,20
2020-11-01,LK,Sri Lanka,SEARO,397,11060,1,21
2020-11-02,LK,Sri Lanka,SEARO,275,11335,0,21
2020-11-03,LK,Sri Lanka,SEARO,409,11744,2,23
2020-11-04,LK,Sri Lanka,SEARO,443,12187,1,24
2020-11-05,LK,Sri Lanka,SEARO,383,12570,5,29
2020-11-06,LK,Sri Lanka,SEARO,400,12970,1,30
2020-11-07,LK,Sri Lanka,SEARO,449,13419,4,34
2020-11-08,LK,Sri Lanka,SEARO,510,13929,1,35
2020-11-09,LK,Sri Lanka,SEARO,356,14285,0,35
2020-11-10,LK,Sri Lanka,SEARO,430,14715,6,41
2020-11-11,LK,Sri Lanka,SEARO,635,15350,5,46
2020-11-12,LK,Sri Lanka,SEARO,373,15723,2,48
2020-11-13,LK,Sri Lanka,SEARO,468,16191,5,53
2020-11-14,LK,Sri Lanka,SEARO,392,16583,0,53
2020-11-15,LK,Sri Lanka,SEARO,704,17287,5,58
2020-11-16,LK,Sri Lanka,SEARO,387,17674,3,61
2020-11-17,LK,Sri Lanka,SEARO,401,18075,5,66
2020-11-18,LK,Sri Lanka,SEARO,327,18402,3,69
2020-11-19,LK,Sri Lanka,SEARO,439,18841,4,73
2020-11-20,LK,Sri Lanka,SEARO,439,19280,1,74
2020-11-21,LK,Sri Lanka,SEARO,491,19771,9,83
2020-11-22,LK,Sri Lanka,SEARO,400,20171,4,87
2020-11-23,LK,Sri Lanka,SEARO,337,20508,3,90
2020-11-24,LK,Sri Lanka,SEARO,459,20967,4,94
2020-11-25,LK,Sri Lanka,SEARO,502,21469,2,96
2020-11-26,LK,Sri Lanka,SEARO,559,22028,3,99
2020-11-27,LK,Sri Lanka,SEARO,473,22501,8,107
2020-11-28,LK,Sri Lanka,SEARO,487,22988,2,109
2020-11-29,LK,Sri Lanka,SEARO,496,23484,7,116
2020-11-30,LK,Sri Lanka,SEARO,503,23987,2,118
2020-12-01,LK,Sri Lanka,SEARO,545,24532,4,122
2020-12-02,LK,Sri Lanka,SEARO,878,25410,2,124
2020-12-03,LK,Sri Lanka,SEARO,628,26038,5,129
2020-12-04,LK,Sri Lanka,SEARO,521,26559,1,130
2020-12-05,LK,Sri Lanka,SEARO,669,27228,7,137
2020-12-06,LK,Sri Lanka,SEARO,649,27877,3,140
2020-12-07,LK,Sri Lanka,SEARO,703,28580,2,142
2020-12-08,LK,Sri Lanka,SEARO,798,29378,0,142
2020-12-09,LK,Sri Lanka,SEARO,697,30075,2,144
2020-12-10,LK,Sri Lanka,SEARO,538,30613,2,146
2020-12-11,LK,Sri Lanka,SEARO,762,31375,1,147
2020-12-12,LK,Sri Lanka,SEARO,760,32135,2,149
2020-12-13,LK,Sri Lanka,SEARO,655,32790,3,152
2020-12-14,LK,Sri Lanka,SEARO,688,33478,2,154
2020-12-15,LK,Sri Lanka,SEARO,643,34121,0,154
2020-12-16,LK,Sri Lanka,SEARO,616,34737,6,160
2020-12-17,LK,Sri Lanka,SEARO,650,35387,0,160
2020-12-18,LK,Sri Lanka,SEARO,662,36049,5,165
2020-12-19,LK,Sri Lanka,SEARO,618,36667,6,171
2020-12-20,LK,Sri Lanka,SEARO,594,37261,5,176
2020-12-21,LK,Sri Lanka,SEARO,370,37631,5,181
2020-12-22,LK,Sri Lanka,SEARO,428,38059,2,183
2020-12-23,LK,Sri Lanka,SEARO,580,38639,1,184
2020-12-24,LK,Sri Lanka,SEARO,592,39231,1,185
2020-12-25,LK,Sri Lanka,SEARO,551,39782,1,186
2020-12-26,LK,Sri Lanka,SEARO,598,40380,1,187
2020-12-27,LK,Sri Lanka,SEARO,674,41054,4,191
2020-12-28,LK,Sri Lanka,SEARO,549,41603,3,194
2020-12-29,LK,Sri Lanka,SEARO,460,42063,0,194
2020-12-30,LK,Sri Lanka,SEARO,639,42702,5,199
2020-12-31,LK,Sri Lanka,SEARO,597,43299,5,204
2021-01-01,LK,Sri Lanka,SEARO,557,43856,0,204
2021-01-02,LK,Sri Lanka,SEARO,515,44371,7,211
2021-01-03,LK,Sri Lanka,SEARO,403,44774,2,213
2021-01-04,LK,Sri Lanka,SEARO,468,45242,2,215
2021-01-05,LK,Sri Lanka,SEARO,484,45726,2,217
2021-01-06,LK,Sri Lanka,SEARO,522,46248,2,219
2021-01-07,LK,Sri Lanka,SEARO,532,46780,0,219
2021-01-08,LK,Sri Lanka,SEARO,525,47305,3,222
2021-01-09,LK,Sri Lanka,SEARO,535,47840,7,229
2021-01-10,LK,Sri Lanka,SEARO,540,48380,3,232
2021-01-11,LK,Sri Lanka,SEARO,569,48949,0,232
2021-01-12,LK,Sri Lanka,SEARO,588,49537,12,244
2021-01-13,LK,Sri Lanka,SEARO,692,50229,3,247
2021-01-14,LK,Sri Lanka,SEARO,670,50899,4,251
2021-01-15,LK,Sri Lanka,SEARO,695,51594,4,255
2021-01-16,LK,Sri Lanka,SEARO,719,52313,1,256
2021-01-17,LK,Sri Lanka,SEARO,749,53062,8,264
2021-01-18,LK,Sri Lanka,SEARO,688,53750,6,270
2021-01-19,LK,Sri Lanka,SEARO,669,54419,3,273
2021-01-20,LK,Sri Lanka,SEARO,770,55189,1,274
2021-01-21,LK,Sri Lanka,SEARO,887,56076,2,276
2021-01-22,LK,Sri Lanka,SEARO,787,56863,2,278
2021-01-23,LK,Sri Lanka,SEARO,724,57587,2,280
2021-01-24,LK,Sri Lanka,SEARO,843,58430,3,283
2021-01-25,LK,Sri Lanka,SEARO,737,59167,0,283
2021-01-26,LK,Sri Lanka,SEARO,755,59922,5,288
2021-01-27,LK,Sri Lanka,SEARO,772,60694,2,290
2021-01-28,LK,Sri Lanka,SEARO,892,61586,7,297
2021-01-29,LK,Sri Lanka,SEARO,859,62445,8,305
2021-01-30,LK,Sri Lanka,SEARO,848,63293,8,313
2021-01-31,LK,Sri Lanka,SEARO,864,64157,3,316
2021-02-01,LK,Sri Lanka,SEARO,826,64983,7,323
2021-02-02,LK,Sri Lanka,SEARO,715,65698,7,330
2021-02-03,LK,Sri Lanka,SEARO,711,66409,2,332
2021-02-04,LK,Sri Lanka,SEARO,706,67115,7,339
2021-02-05,LK,Sri Lanka,SEARO,735,67850,4,343
2021-02-06,LK,Sri Lanka,SEARO,726,68576,8,351
2021-02-07,LK,Sri Lanka,SEARO,772,69348,5,356
2021-02-08,LK,Sri Lanka,SEARO,887,70235,9,365
2021-02-09,LK,Sri Lanka,SEARO,976,71211,5,370
2021-02-10,LK,Sri Lanka,SEARO,963,72174,5,375
2021-02-11,LK,Sri Lanka,SEARO,942,73116,4,379
2021-02-12,LK,Sri Lanka,SEARO,940,74056,5,384
2021-02-13,LK,Sri Lanka,SEARO,796,74852,0,384
2021-02-14,LK,Sri Lanka,SEARO,802,75654,13,397
2021-02-15,LK,Sri Lanka,SEARO,774,76428,6,403
2021-02-16,LK,Sri Lanka,SEARO,756,77184,6,409
2021-02-17,LK,Sri Lanka,SEARO,722,77906,13,422
2021-02-18,LK,Sri Lanka,SEARO,514,78420,8,430
2021-02-19,LK,Sri Lanka,SEARO,517,78937,3,433
2021-02-20,LK,Sri Lanka,SEARO,543,79480,2,435
2021-02-21,LK,Sri Lanka,SEARO,519,79999,10,445
2021-02-22,LK,Sri Lanka,SEARO,518,80517,5,450
2021-02-23,LK,Sri Lanka,SEARO,492,81009,3,453
2021-02-24,LK,Sri Lanka,SEARO,458,81467,4,457
2021-02-25,LK,Sri Lanka,SEARO,466,81933,2,459
2021-02-26,LK,Sri Lanka,SEARO,497,82430,5,464
2021-02-27,LK,Sri Lanka,SEARO,460,82890,0,464
2021-02-28,LK,Sri Lanka,SEARO,352,83242,7,471
2021-03-01,LK,Sri Lanka,SEARO,310,83552,5,476
2021-03-02,LK,Sri Lanka,SEARO,318,83870,7,483
2021-03-03,LK,Sri Lanka,SEARO,356,84226,1,484
2021-03-04,LK,Sri Lanka,SEARO,384,84610,5,489
2021-03-05,LK,Sri Lanka,SEARO,350,84960,4,493
2021-03-06,LK,Sri Lanka,SEARO,376,85336,0,493
2021-03-07,LK,Sri Lanka,SEARO,359,85695,9,502
2021-03-08,LK,Sri Lanka,SEARO,344,86039,5,507
2021-03-09,LK,Sri Lanka,SEARO,304,86343,4,511
2021-03-10,LK,Sri Lanka,SEARO,342,86685,0,511
2021-03-11,LK,Sri Lanka,SEARO,304,86989,9,520
2021-03-12,LK,Sri Lanka,SEARO,297,87286,5,525
2021-03-13,LK,Sri Lanka,SEARO,314,87600,1,526
2021-03-14,LK,Sri Lanka,SEARO,307,87907,1,527
2021-03-15,LK,Sri Lanka,SEARO,331,88238,5,532
2021-03-16,LK,Sri Lanka,SEARO,286,88524,2,534
2021-03-17,LK,Sri Lanka,SEARO,338,88862,3,537
2021-03-18,LK,Sri Lanka,SEARO,313,89175,1,538
2021-03-19,LK,Sri Lanka,SEARO,322,89497,6,544
2021-03-20,LK,Sri Lanka,SEARO,349,89846,0,544
2021-03-21,LK,Sri Lanka,SEARO,354,90200,2,546
2021-03-22,LK,Sri Lanka,SEARO,314,90514,5,551
2021-03-23,LK,Sri Lanka,SEARO,251,90765,1,552
2021-03-24,LK,Sri Lanka,SEARO,253,91018,0,552
2021-03-25,LK,Sri Lanka,SEARO,271,91289,2,554
2021-03-26,LK,Sri Lanka,SEARO,272,91561,3,557
2021-03-27,LK,Sri Lanka,SEARO,278,91839,1,558
2021-03-28,LK,Sri Lanka,SEARO,249,92088,3,561
2021-03-29,LK,Sri Lanka,SEARO,215,92303,5,566
2021-03-30,LK,Sri Lanka,SEARO,139,92442,0,566
2021-03-31,LK,Sri Lanka,SEARO,264,92706,2,568
2021-04-01,LK,Sri Lanka,SEARO,211,92917,3,571
2021-04-02,LK,Sri Lanka,SEARO,211,93128,0,571
2021-04-03,LK,Sri Lanka,SEARO,167,93295,4,575
2021-04-04,LK,Sri Lanka,SEARO,141,93436,6,581
2021-04-05,LK,Sri Lanka,SEARO,159,93595,0,581
2021-04-06,LK,Sri Lanka,SEARO,177,93772,7,588
2021-04-07,LK,Sri Lanka,SEARO,221,93993,3,591
2021-04-08,LK,Sri Lanka,SEARO,343,94336,2,593
2021-04-09,LK,Sri Lanka,SEARO,228,94564,0,593
2021-04-10,LK,Sri Lanka,SEARO,284,94848,2,595
2021-04-11,LK,Sri Lanka,SEARO,283,95131,3,598
2021-04-12,LK,Sri Lanka,SEARO,263,95394,0,598
2021-04-13,LK,Sri Lanka,SEARO,226,95620,4,602
2021-04-14,LK,Sri Lanka,SEARO,117,95737,2,604
2021-04-15,LK,Sri Lanka,SEARO,212,95949,4,608
2021-04-16,LK,Sri Lanka,SEARO,237,96186,7,615
2021-04-17,LK,Sri Lanka,SEARO,253,96439,2,617
2021-04-18,LK,Sri Lanka,SEARO,357,96796,1,618
2021-04-19,LK,Sri Lanka,SEARO,309,97105,2,620
2021-04-20,LK,Sri Lanka,SEARO,367,97472,5,625
2021-04-21,LK,Sri Lanka,SEARO,578,98050,5,630
2021-04-22,LK,Sri Lanka,SEARO,672,98722,4,634
2021-04-23,LK,Sri Lanka,SEARO,969,99691,0,634
2021-04-24,LK,Sri Lanka,SEARO,895,100586,4,638
2021-04-25,LK,Sri Lanka,SEARO,793,101379,4,642
2021-04-26,LK,Sri Lanka,SEARO,997,102376,5,647
2021-04-27,LK,Sri Lanka,SEARO,1111,103487,0,647
2021-04-28,LK,Sri Lanka,SEARO,1466,104953,14,661
2021-04-29,LK,Sri Lanka,SEARO,1531,106484,0,661
2021-04-30,LK,Sri Lanka,SEARO,1662,108146,6,667
2021-05-01,LK,Sri Lanka,SEARO,1716,109862,20,687
2021-05-02,LK,Sri Lanka,SEARO,1891,111753,0,687
2021-05-03,LK,Sri Lanka,SEARO,1923,113676,9,696
2021-05-04,LK,Sri Lanka,SEARO,1914,115590,13,709
2021-05-05,LK,Sri Lanka,SEARO,1939,117529,11,720
2021-05-06,LK,Sri Lanka,SEARO,1895,119424,25,745
2021-05-07,LK,Sri Lanka,SEARO,1914,121338,19,764
2021-05-08,LK,Sri Lanka,SEARO,1896,123234,22,786
2021-05-09,LK,Sri Lanka,SEARO,2672,125906,15,801
2021-05-10,LK,Sri Lanka,SEARO,2624,128530,26,827
2021-05-11,LK,Sri Lanka,SEARO,2568,131098,23,850
2021-05-12,LK,Sri Lanka,SEARO,2429,133527,18,868
2021-05-13,LK,Sri Lanka,SEARO,2269,135796,24,892
2021-05-14,LK,Sri Lanka,SEARO,2289,138085,31,923
2021-05-15,LK,Sri Lanka,SEARO,2386,140471,18,941
2021-05-16,LK,Sri Lanka,SEARO,2275,142746,21,962
2021-05-17,LK,Sri Lanka,SEARO,2456,145202,19,981
2021-05-18,LK,Sri Lanka,SEARO,2518,147720,34,1015
2021-05-19,LK,Sri Lanka,SEARO,3623,151343,36,1051
2021-05-20,LK,Sri Lanka,SEARO,3443,154786,38,1089
2021-05-21,LK,Sri Lanka,SEARO,3547,158333,0,1089
2021-05-22,LK,Sri Lanka,SEARO,2909,161242,89,1178
2021-05-23,LK,Sri Lanka,SEARO,2959,164201,32,1210
2021-05-24,LK,Sri Lanka,SEARO,2971,167172,33,1243
2021-05-25,LK,Sri Lanka,SEARO,2728,169900,26,1269
2021-05-26,LK,Sri Lanka,SEARO,2377,172277,29,1298
2021-05-27,LK,Sri Lanka,SEARO,2584,174861,27,1325
2021-05-28,LK,Sri Lanka,SEARO,2850,177711,38,1363
2021-05-29,LK,Sri Lanka,SEARO,2882,180593,42,1405
2021-05-30,LK,Sri Lanka,SEARO,2859,183452,36,1441
2021-05-31,LK,Sri Lanka,SEARO,2912,186364,43,1484
2021-06-01,LK,Sri Lanka,SEARO,2877,189241,43,1527
2021-06-02,LK,Sri Lanka,SEARO,3306,192547,39,1566
2021-06-03,LK,Sri Lanka,SEARO,3297,195844,42,1608
2021-06-04,LK,Sri Lanka,SEARO,3410,199254,48,1656
2021-06-05,LK,Sri Lanka,SEARO,3103,202357,40,1696
2021-06-06,LK,Sri Lanka,SEARO,2976,205333,46,1742
2021-06-07,LK,Sri Lanka,SEARO,2646,207979,47,1789
2021-06-08,LK,Sri Lanka,SEARO,2682,210661,55,1844
2021-06-09,LK,Sri Lanka,SEARO,2735,213396,66,1910
2021-06-10,LK,Sri Lanka,SEARO,2738,216134,101,2011
2021-06-11,LK,Sri Lanka,SEARO,2789,218923,62,2073
2021-06-12,LK,Sri Lanka,SEARO,2354,221277,63,2136
2021-06-13,LK,Sri Lanka,SEARO,2361,223638,0,2136
2021-06-14,LK,Sri Lanka,SEARO,2284,225922,67,2203
2021-06-15,LK,Sri Lanka,SEARO,2334,228256,55,2258
2021-06-16,LK,Sri Lanka,SEARO,2436,230692,59,2317
2021-06-17,LK,Sri Lanka,SEARO,2372,233064,51,2368
2021-06-18,LK,Sri Lanka,SEARO,2349,235413,55,2423
2021-06-19,LK,Sri Lanka,SEARO,2248,237661,54,2477
2021-06-20,LK,Sri Lanka,SEARO,2028,239689,47,2524
2021-06-21,LK,Sri Lanka,SEARO,2131,241820,52,2576
2021-06-22,LK,Sri Lanka,SEARO,2093,243913,71,2647
2021-06-23,LK,Sri Lanka,SEARO,2196,246109,65,2712
2021-06-24,LK,Sri Lanka,SEARO,1941,248050,45,2757
2021-06-25,LK,Sri Lanka,SEARO,1876,249926,48,2805
2021-06-26,LK,Sri Lanka,SEARO,1825,251751,43,2848
2021-06-27,LK,Sri Lanka,SEARO,1867,253618,39,2887
2021-06-28,LK,Sri Lanka,SEARO,1890,255508,41,2928
2021-06-29,LK,Sri Lanka,SEARO,1717,257225,45,2973
2021-06-30,LK,Sri Lanka,SEARO,1864,259089,47,3020
2021-07-01,LK,Sri Lanka,SEARO,1883,260972,43,3063
2021-07-02,LK,Sri Lanka,SEARO,1823,262795,37,3100
2021-07-03,LK,Sri Lanka,SEARO,1262,264057,34,3134
2021-07-04,LK,Sri Lanka,SEARO,1573,265630,45,3179
2021-07-05,LK,Sri Lanka,SEARO,869,266499,32,3211
2021-07-06,LK,Sri Lanka,SEARO,934,267433,45,3256
2021-07-07,LK,Sri Lanka,SEARO,1243,268676,38,3294
2021-07-08,LK,Sri Lanka,SEARO,1270,269946,40,3334
2021-07-09,LK,Sri Lanka,SEARO,1537,271483,43,3377
2021-07-10,LK,Sri Lanka,SEARO,1548,273031,33,3410
2021-07-11,LK,Sri Lanka,SEARO,1507,274538,35,3445
2021-07-12,LK,Sri Lanka,SEARO,1568,276106,31,3476
2021-07-13,LK,Sri Lanka,SEARO,1413,277519,41,3517
2021-07-14,LK,Sri Lanka,SEARO,1540,279059,37,3554
2021-07-15,LK,Sri Lanka,SEARO,1484,280543,50,3604
2021-07-16,LK,Sri Lanka,SEARO,1517,282060,41,3645
2021-07-17,LK,Sri Lanka,SEARO,1452,283512,31,3676
2021-07-18,LK,Sri Lanka,SEARO,1420,284932,46,3722
2021-07-19,LK,Sri Lanka,SEARO,1487,286419,48,3770
2021-07-20,LK,Sri Lanka,SEARO,1554,287973,43,3813
2021-07-21,LK,Sri Lanka,SEARO,1604,289577,47,3860
2021-07-22,LK,Sri Lanka,SEARO,1721,291298,42,3902
2021-07-23,LK,Sri Lanka,SEARO,1815,293113,43,3945
2021-07-24,LK,Sri Lanka,SEARO,1737,294850,52,3997
2021-07-25,LK,Sri Lanka,SEARO,1666,296516,45,4042
2021-07-26,LK,Sri Lanka,SEARO,1665,298181,48,4090
2021-07-27,LK,Sri Lanka,SEARO,1711,299892,48,4138
2021-07-28,LK,Sri Lanka,SEARO,1940,301832,63,4201
2021-07-29,LK,Sri Lanka,SEARO,2370,304202,66,4267
2021-07-30,LK,Sri Lanka,SEARO,2460,306662,56,4323
2021-07-31,LK,Sri Lanka,SEARO,2150,308812,61,4384
2021-08-01,LK,Sri Lanka,SEARO,2537,311349,67,4451
2021-08-02,LK,Sri Lanka,SEARO,2420,313769,63,4514
2021-08-03,LK,Sri Lanka,SEARO,2425,316194,74,4588
2021-08-04,LK,Sri Lanka,SEARO,2561,318755,82,4670
2021-08-05,LK,Sri Lanka,SEARO,2674,321429,94,4764
2021-08-06,LK,Sri Lanka,SEARO,2794,324223,98,4862
2021-08-07,LK,Sri Lanka,SEARO,2815,327038,98,4960
2021-08-08,LK,Sri Lanka,SEARO,2956,329994,94,5054
2021-08-09,LK,Sri Lanka,SEARO,2953,332947,111,5165
2021-08-10,LK,Sri Lanka,SEARO,6145,339092,118,5283
2021-08-11,LK,Sri Lanka,SEARO,2987,342079,124,5407
2021-08-12,LK,Sri Lanka,SEARO,3039,345118,156,5563
2021-08-13,LK,Sri Lanka,SEARO,3152,348270,155,5718
2021-08-14,LK,Sri Lanka,SEARO,3263,351533,160,5878
2021-08-15,LK,Sri Lanka,SEARO,3435,354968,161,6039
2021-08-16,LK,Sri Lanka,SEARO,7106,362074,167,6206
2021-08-17,LK,Sri Lanka,SEARO,3609,365683,171,6377
2021-08-18,LK,Sri Lanka,SEARO,3676,369359,170,6547
2021-08-19,LK,Sri Lanka,SEARO,3806,373165,243,6790
2021-08-20,LK,Sri Lanka,SEARO,8647,381812,195,6985
2021-08-21,LK,Sri Lanka,SEARO,3884,385696,198,7183
2021-08-22,LK,Sri Lanka,SEARO,4304,390000,183,7366
2021-08-23,LK,Sri Lanka,SEARO,4355,394355,194,7560
2021-08-24,LK,Sri Lanka,SEARO,4446,398801,190,7750
2021-08-25,LK,Sri Lanka,SEARO,8967,407768,198,7948
2021-08-26,LK,Sri Lanka,SEARO,4602,412370,209,8157
2021-08-27,LK,Sri Lanka,SEARO,4591,416961,214,8371
2021-08-28,LK,Sri Lanka,SEARO,4596,421557,212,8583
2021-08-29,LK,Sri Lanka,SEARO,9962,431519,192,8775
2021-08-30,LK,Sri Lanka,SEARO,4562,436081,216,8991
2021-08-31,LK,Sri Lanka,SEARO,4221,440302,194,9185
2021-09-01,LK,Sri Lanka,SEARO,3828,444130,215,9400
2021-09-02,LK,Sri Lanka,SEARO,3627,447757,204,9604
2021-09-03,LK,Sri Lanka,SEARO,3644,451401,202,9806
2021-09-04,LK,Sri Lanka,SEARO,8058,459459,145,9951
2021-09-05,LK,Sri Lanka,SEARO,3308,462767,189,10140
2021-09-06,LK,Sri Lanka,SEARO,3182,465949,180,10320
2021-09-07,LK,Sri Lanka,SEARO,5914,471863,184,10504
2021-09-08,LK,Sri Lanka,SEARO,2917,474780,185,10689
2021-09-09,LK,Sri Lanka,SEARO,2856,477636,175,10864
2021-09-10,LK,Sri Lanka,SEARO,2842,480478,131,10995
2021-09-11,LK,Sri Lanka,SEARO,2802,483280,157,11152
2021-09-12,LK,Sri Lanka,SEARO,2642,485922,144,11296
2021-09-13,LK,Sri Lanka,SEARO,2560,488482,135,11431
2021-09-14,LK,Sri Lanka,SEARO,2475,490957,136,11567
2021-09-15,LK,Sri Lanka,SEARO,5466,496423,132,11699
2021-09-16,LK,Sri Lanka,SEARO,2271,498694,118,11817
2021-09-17,LK,Sri Lanka,SEARO,2078,500772,121,11938
2021-09-18,LK,Sri Lanka,SEARO,1986,502758,84,12022
2021-09-19,LK,Sri Lanka,SEARO,1733,504491,103,12125
2021-09-20,LK,Sri Lanka,SEARO,1518,506009,93,12218
2021-09-21,LK,Sri Lanka,SEARO,1321,507330,66,12284
2021-09-22,LK,Sri Lanka,SEARO,1342,508672,92,12376
2021-09-23,LK,Sri Lanka,SEARO,1368,510040,72,12448
2021-09-24,LK,Sri Lanka,SEARO,1332,511372,82,12530
2021-09-25,LK,Sri Lanka,SEARO,1159,512531,79,12609
2021-09-26,LK,Sri Lanka,SEARO,1078,513609,71,12680
2021-09-27,LK,Sri Lanka,SEARO,983,514592,51,12731
2021-09-28,LK,Sri Lanka,SEARO,932,515524,55,12786
2021-09-29,LK,Sri Lanka,SEARO,941,516465,61,12847
2021-09-30,LK,Sri Lanka,SEARO,912,517377,59,12906
2021-10-01,LK,Sri Lanka,SEARO,1398,518775,58,12964
2021-10-02,LK,Sri Lanka,SEARO,855,519630,55,13019
2021-10-03,LK,Sri Lanka,SEARO,802,520432,40,13059
2021-10-04,LK,Sri Lanka,SEARO,786,521218,43,13102
2021-10-05,LK,Sri Lanka,SEARO,784,522002,40,13142
2021-10-06,LK,Sri Lanka,SEARO,776,522778,43,13185
2021-10-07,LK,Sri Lanka,SEARO,772,523550,44,13229
2021-10-08,LK,Sri Lanka,SEARO,1387,524937,38,13267
2021-10-09,LK,Sri Lanka,SEARO,726,525663,29,13296
2021-10-10,LK,Sri Lanka,SEARO,720,526383,35,13331
2021-10-11,LK,Sri Lanka,SEARO,681,527064,23,13354
2021-10-12,LK,Sri Lanka,SEARO,671,527735,23,13377
2021-10-13,LK,Sri Lanka,SEARO,1346,529081,31,13408
2021-10-14,LK,Sri Lanka,SEARO,674,529755,21,13429
2021-10-15,LK,Sri Lanka,SEARO,666,530421,20,13449
2021-10-16,LK,Sri Lanka,SEARO,649,531070,23,13472
2021-10-17,LK,Sri Lanka,SEARO,578,531648,12,13484
2021-10-18,LK,Sri Lanka,SEARO,570,532218,23,13507
2021-10-19,LK,Sri Lanka,SEARO,548,532766,18,13525
2021-10-20,LK,Sri Lanka,SEARO,539,533305,18,13543
2021-10-21,LK,Sri Lanka,SEARO,555,533860,19,13562
2021-10-22,LK,Sri Lanka,SEARO,1115,534975,12,13574
2021-10-23,LK,Sri Lanka,SEARO,554,535529,19,13593
2021-10-24,LK,Sri Lanka,SEARO,555,536084,18,13611
2021-10-25,LK,Sri Lanka,SEARO,561,536645,29,13640
2021-10-26,LK,Sri Lanka,SEARO,556,537201,14,13654
2021-10-27,LK,Sri Lanka,SEARO,1119,538320,20,13674
2021-10-28,LK,Sri Lanka,SEARO,540,538860,22,13696
2021-10-29,LK,Sri Lanka,SEARO,556,539416,10,13706
2021-10-30,LK,Sri Lanka,SEARO,565,539981,19,13725
2021-10-31,LK,Sri Lanka,SEARO,1092,541073,18,13743
2021-11-01,LK,Sri Lanka,SEARO,566,541639,17,13760
2021-11-02,LK,Sri Lanka,SEARO,573,542212,10,13770
2021-11-03,LK,Sri Lanka,SEARO,581,542793,21,13791
2021-11-04,LK,Sri Lanka,SEARO,592,543385,15,13806
2021-11-05,LK,Sri Lanka,SEARO,628,544013,15,13821
2021-11-06,LK,Sri Lanka,SEARO,617,544630,20,13841
2021-11-07,LK,Sri Lanka,SEARO,626,545256,15,13856
2021-11-08,LK,Sri Lanka,SEARO,679,545935,19,13875
2021-11-09,LK,Sri Lanka,SEARO,718,546653,17,13892
2021-11-10,LK,Sri Lanka,SEARO,693,547346,16,13908
2021-11-11,LK,Sri Lanka,SEARO,715,548061,19,13927
2021-11-12,LK,Sri Lanka,SEARO,723,548784,23,13950
2021-11-13,LK,Sri Lanka,SEARO,716,549500,22,13972
2021-11-14,LK,Sri Lanka,SEARO,2042,551542,23,13995
2021-11-15,LK,Sri Lanka,SEARO,732,552274,21,14016
2021-11-16,LK,Sri Lanka,SEARO,720,552994,18,14034
2021-11-17,LK,Sri Lanka,SEARO,728,553722,23,14057
2021-11-18,LK,Sri Lanka,SEARO,737,554459,15,14072
2021-11-19,LK,Sri Lanka,SEARO,745,555204,14,14086
2021-11-20,LK,Sri Lanka,SEARO,725,555929,22,14108
2021-11-21,LK,Sri Lanka,SEARO,697,556626,19,14127
2021-11-22,LK,Sri Lanka,SEARO,735,557361,31,14158
2021-11-23,LK,Sri Lanka,SEARO,1499,558860,24,14182
2021-11-24,LK,Sri Lanka,SEARO,745,559605,23,14205
2021-11-25,LK,Sri Lanka,SEARO,740,560345,27,14232
2021-11-26,LK,Sri Lanka,SEARO,714,561059,26,14258
2021-11-27,LK,Sri Lanka,SEARO,719,561778,20,14278
2021-11-28,LK,Sri Lanka,SEARO,742,562520,27,14305
2021-11-29,LK,Sri Lanka,SEARO,747,563267,23,14328
2021-11-30,LK,Sri Lanka,SEARO,722,563989,18,14346
2021-12-01,LK,Sri Lanka,SEARO,744,564733,26,14372
2021-12-02,LK,Sri Lanka,SEARO,738,565471,27,14399
2021-12-03,LK,Sri Lanka,SEARO,725,566196,20,14419
2021-12-04,LK,Sri Lanka,SEARO,740,566936,21,14440
2021-12-05,LK,Sri Lanka,SEARO,746,567682,21,14461
2021-12-06,LK,Sri Lanka,SEARO,741,568423,23,14484
2021-12-07,LK,Sri Lanka,SEARO,748,569171,21,14505
2021-12-08,LK,Sri Lanka,SEARO,757,569928,28,14533
2021-12-09,LK,Sri Lanka,SEARO,744,570672,22,14555
2021-12-10,LK,Sri Lanka,SEARO,754,571426,18,14573
2021-12-11,LK,Sri Lanka,SEARO,762,572188,22,14595
2021-12-12,LK,Sri Lanka,SEARO,714,572902,19,14614
2021-12-13,LK,Sri Lanka,SEARO,747,573649,27,14641
2021-12-14,LK,Sri Lanka,SEARO,2545,576194,20,14661
2021-12-15,LK,Sri Lanka,SEARO,772,576966,16,14677
2021-12-16,LK,Sri Lanka,SEARO,758,577724,21,14698
2021-12-17,LK,Sri Lanka,SEARO,715,578439,22,14720
2021-12-18,LK,Sri Lanka,SEARO,695,579134,14,14734
2021-12-19,LK,Sri Lanka,SEARO,551,579685,18,14752
2021-12-20,LK,Sri Lanka,SEARO,524,580209,19,14771
2021-12-21,LK,Sri Lanka,SEARO,783,580992,24,14795
2021-12-22,LK,Sri Lanka,SEARO,603,581595,16,14811
2021-12-23,LK,Sri Lanka,SEARO,554,582149,21,14832
2021-12-24,LK,Sri Lanka,SEARO,573,582722,20,14852
2021-12-25,LK,Sri Lanka,SEARO,529,583251,19,14871
2021-12-26,LK,Sri Lanka,SEARO,398,583649,13,14884
2021-12-27,LK,Sri Lanka,SEARO,458,584107,17,14901
2021-12-28,LK,Sri Lanka,SEARO,479,584586,22,14923
2021-12-29,LK,Sri Lanka,SEARO,1597,586183,21,14944
2021-12-30,LK,Sri Lanka,SEARO,563,586746,18,14962
2021-12-31,LK,Sri Lanka,SEARO,499,587245,17,14979
2022-01-01,LK,Sri Lanka,SEARO,351,587596,16,14995
2022-01-02,LK,Sri Lanka,SEARO,339,587935,24,15019
2022-01-03,LK,Sri Lanka,SEARO,365,588300,18,15037
2022-01-04,LK,Sri Lanka,SEARO,629,588929,18,15055
2022-01-05,LK,Sri Lanka,SEARO,550,589479,10,15065
2022-01-06,LK,Sri Lanka,SEARO,584,590063,18,15083
2022-01-07,LK,Sri Lanka,SEARO,588,590651,16,15099
2022-01-08,LK,Sri Lanka,SEARO,580,591231,13,15112
2022-01-09,LK,Sri Lanka,SEARO,436,591667,7,15119
2022-01-10,LK,Sri Lanka,SEARO,461,592128,15,15134
2022-01-11,LK,Sri Lanka,SEARO,944,593072,15,15149
2022-01-12,LK,Sri Lanka,SEARO,653,593725,14,15163
2022-01-13,LK,Sri Lanka,SEARO,594,594319,11,15174
2022-01-14,LK,Sri Lanka,SEARO,677,594996,16,15190
2022-01-15,LK,Sri Lanka,SEARO,661,595657,7,15197
2022-01-16,LK,Sri Lanka,SEARO,690,596347,14,15211
2022-01-17,LK,Sri Lanka,SEARO,688,597035,7,15218
2022-01-18,LK,Sri Lanka,SEARO,672,597707,13,15231
2022-01-19,LK,Sri Lanka,SEARO,829,598536,12,15243
2022-01-20,LK,Sri Lanka,SEARO,827,599363,12,15255
2022-01-21,LK,Sri Lanka,SEARO,840,600203,17,15272
2022-01-22,LK,Sri Lanka,SEARO,845,601048,12,15284
2022-01-23,LK,Sri Lanka,SEARO,838,601886,15,15299
2022-01-24,LK,Sri Lanka,SEARO,877,602763,14,15313
2022-01-25,LK,Sri Lanka,SEARO,891,603654,17,15330
2022-01-26,LK,Sri Lanka,SEARO,927,604581,16,15346
2022-01-27,LK,Sri Lanka,SEARO,2523,607104,23,15369
2022-01-28,LK,Sri Lanka,SEARO,961,608065,17,15386
2022-01-29,LK,Sri Lanka,SEARO,982,609047,14,15400
2022-01-30,LK,Sri Lanka,SEARO,1056,610103,20,15420
2022-01-31,LK,Sri Lanka,SEARO,1082,611185,21,15441
2022-02-01,LK,Sri Lanka,SEARO,1137,612322,32,15473
2022-02-02,LK,Sri Lanka,SEARO,1156,613478,19,15492
2022-02-03,LK,Sri Lanka,SEARO,1181,614659,23,15515
2022-02-04,LK,Sri Lanka,SEARO,1243,615902,29,15544
2022-02-05,LK,Sri Lanka,SEARO,1287,617189,28,15572
2022-02-06,LK,Sri Lanka,SEARO,1331,618520,23,15595
2022-02-07,LK,Sri Lanka,SEARO,2212,620732,26,15621
2022-02-08,LK,Sri Lanka,SEARO,1253,621985,35,15656
2022-02-09,LK,Sri Lanka,SEARO,1263,623248,36,15692
2022-02-10,LK,Sri Lanka,SEARO,1297,624545,31,15723
2022-02-11,LK,Sri Lanka,SEARO,1259,625804,0,15723
2022-02-12,LK,Sri Lanka,SEARO,1162,626966,54,15777
2022-02-13,LK,Sri Lanka,SEARO,1150,628116,31,15808
2022-02-14,LK,Sri Lanka,SEARO,1231,629347,36,15844
2022-02-15,LK,Sri Lanka,SEARO,1252,630599,30,15874
2022-02-16,LK,Sri Lanka,SEARO,1217,631816,25,15899
2022-02-17,LK,Sri Lanka,SEARO,1235,633051,27,15926
2022-02-18,LK,Sri Lanka,SEARO,1282,634333,23,15949
2022-02-19,LK,Sri Lanka,SEARO,1273,635606,20,15969
2022-02-20,LK,Sri Lanka,SEARO,1231,636837,25,15994
2022-02-21,LK,Sri Lanka,SEARO,1206,638043,30,16024
2022-02-22,LK,Sri Lanka,SEARO,1254,639297,31,16055
2022-02-23,LK,Sri Lanka,SEARO,1281,640578,31,16086
2022-02-24,LK,Sri Lanka,SEARO,1208,641786,30,16116
2022-02-25,LK,Sri Lanka,SEARO,1286,643072,26,16142
2022-02-26,LK,Sri Lanka,SEARO,988,644060,24,16166
2022-02-27,LK,Sri Lanka,SEARO,977,645037,24,16190
2022-02-28,LK,Sri Lanka,SEARO,997,646034,32,16222
2022-03-01,LK,Sri Lanka,SEARO,914,646948,22,16244
2022-03-02,LK,Sri Lanka,SEARO,751,647699,23,16267
2022-03-03,LK,Sri Lanka,SEARO,711,648410,20,16287
2022-03-04,LK,Sri Lanka,SEARO,583,648993,20,16307
2022-03-05,LK,Sri Lanka,SEARO,639,649632,14,16321
2022-03-06,LK,Sri Lanka,SEARO,508,650140,10,16331
2022-03-07,LK,Sri Lanka,SEARO,662,650802,8,16339
2022-03-08,LK,Sri Lanka,SEARO,2859,653661,11,16350
2022-03-09,LK,Sri Lanka,SEARO,675,654336,11,16361
2022-03-10,LK,Sri Lanka,SEARO,580,654916,13,16374
2022-03-11,LK,Sri Lanka,SEARO,467,655383,7,16381
2022-03-12,LK,Sri Lanka,SEARO,347,655730,9,16390
2022-03-13,LK,Sri Lanka,SEARO,311,656041,7,16397
2022-03-14,LK,Sri Lanka,SEARO,345,656386,10,16407
2022-03-15,LK,Sri Lanka,SEARO,428,656814,8,16415
2022-03-16,LK,Sri Lanka,SEARO,320,657134,1,16416
2022-03-17,LK,Sri Lanka,SEARO,301,657435,3,16419
2022-03-18,LK,Sri Lanka,SEARO,288,657723,3,16422
2022-03-19,LK,Sri Lanka,SEARO,238,657961,4,16426
2022-03-20,LK,Sri Lanka,SEARO,236,658197,5,16431
2022-03-21,LK,Sri Lanka,SEARO,296,658493,5,16436
2022-03-22,LK,Sri Lanka,SEARO,1096,659589,4,16440
2022-03-23,LK,Sri Lanka,SEARO,562,660151,5,16445
2022-03-24,LK,Sri Lanka,SEARO,248,660399,5,16450
2022-03-25,LK,Sri Lanka,SEARO,234,660633,2,16452
2022-03-26,LK,Sri Lanka,SEARO,164,660797,2,16454
2022-03-27,LK,Sri Lanka,SEARO,93,660890,5,16459
2022-03-28,LK,Sri Lanka,SEARO,163,661053,6,16465
2022-03-29,LK,Sri Lanka,SEARO,232,661285,4,16469
2022-03-30,LK,Sri Lanka,SEARO,168,661453,4,16473
2022-03-31,LK,Sri Lanka,SEARO,178,661631,4,16477
2022-04-01,LK,Sri Lanka,SEARO,150,661781,2,16479
2022-04-02,LK,Sri Lanka,SEARO,104,661885,1,16480
2022-04-03,LK,Sri Lanka,SEARO,106,661991,1,16481
2022-04-04,LK,Sri Lanka,SEARO,112,662103,4,16485
2022-04-05,LK,Sri Lanka,SEARO,113,662216,0,16485
2022-04-06,LK,Sri Lanka,SEARO,126,662342,1,16486
2022-04-07,LK,Sri Lanka,SEARO,83,662425,2,16488
2022-04-08,LK,Sri Lanka,SEARO,80,662505,1,16489
2022-04-09,LK,Sri Lanka,SEARO,54,662559,0,16489
2022-04-10,LK,Sri Lanka,SEARO,33,662592,0,16489
2022-04-11,LK,Sri Lanka,SEARO,65,662657,3,16492
2022-04-12,LK,Sri Lanka,SEARO,60,662717,0,16492
2022-04-13,LK,Sri Lanka,SEARO,31,662748,2,16494
2022-04-14,LK,Sri Lanka,SEARO,27,662775,1,16495
2022-04-15,LK,Sri Lanka,SEARO,19,662794,0,16495
2022-04-16,LK,Sri Lanka,SEARO,33,662827,0,16495
2022-04-17,LK,Sri Lanka,SEARO,37,662864,1,16496
2022-04-18,LK,Sri Lanka,SEARO,48,662912,0,16496
2022-04-19,LK,Sri Lanka,SEARO,33,662945,1,16497
2022-04-20,LK,Sri Lanka,SEARO,61,663006,0,16497
2022-04-21,LK,Sri Lanka,SEARO,35,663041,2,16499
2022-04-22,LK,Sri Lanka,SEARO,50,663091,1,16500
2022-04-23,LK,Sri Lanka,SEARO,40,663131,2,16502
2022-04-24,LK,Sri Lanka,SEARO,29,663160,0,16502
2022-04-25,LK,Sri Lanka,SEARO,35,663195,0,16502
2022-04-26,LK,Sri Lanka,SEARO,44,663239,1,16503
2022-04-27,LK,Sri Lanka,SEARO,33,663272,1,16504
2022-04-28,LK,Sri Lanka,SEARO,29,663301,0,16504
2022-04-29,LK,Sri Lanka,SEARO,28,663329,0,16504
2022-04-30,LK,Sri Lanka,SEARO,33,663362,0,16504
2022-05-01,LK,Sri Lanka,SEARO,11,663373,1,16505
2022-05-02,LK,Sri Lanka,SEARO,35,663408,0,16505
2022-05-03,LK,Sri Lanka,SEARO,18,663426,1,16506
2022-05-04,LK,Sri Lanka,SEARO,43,663469,1,16507
2022-05-05,LK,Sri Lanka,SEARO,34,663503,0,16507
2022-05-06,LK,Sri Lanka,SEARO,17,663520,1,16508
2022-05-07,LK,Sri Lanka,SEARO,13,663533,1,16509
2022-05-08,LK,Sri Lanka,SEARO,28,663561,0,16509
2022-05-09,LK,Sri Lanka,SEARO,19,663580,0,16509
2022-05-10,LK,Sri Lanka,SEARO,17,663597,0,16509
2022-05-11,LK,Sri Lanka,SEARO,17,663614,1,16510
2022-05-12,LK,Sri Lanka,SEARO,18,663632,0,16510
2022-05-13,LK,Sri Lanka,SEARO,23,663655,1,16511
2022-05-14,LK,Sri Lanka,SEARO,8,663663,0,16511
2022-05-15,LK,Sri Lanka,SEARO,8,663671,0,16511
2022-05-16,LK,Sri Lanka,SEARO,7,663678,0,16511
2022-05-17,LK,Sri Lanka,SEARO,11,663689,0,16511
2022-05-18,LK,Sri Lanka,SEARO,31,663720,0,16511
2022-05-19,LK,Sri Lanka,SEARO,15,663735,1,16512
2022-05-20,LK,Sri Lanka,SEARO,6,663741,0,16512
2022-05-21,LK,Sri Lanka,SEARO,8,663749,0,16512
2022-05-22,LK,Sri Lanka,SEARO,9,663758,0,16512
2022-05-23,LK,Sri Lanka,SEARO,7,663765,0,16512
2022-05-24,LK,Sri Lanka,SEARO,14,663779,1,16513
2022-05-25,LK,Sri Lanka,SEARO,7,663786,0,16513
2022-05-26,LK,Sri Lanka,SEARO,14,663800,0,16513
2022-05-27,LK,Sri Lanka,SEARO,4,663804,1,16514
2022-05-28,LK,Sri Lanka,SEARO,8,663812,1,16515
2022-05-29,LK,Sri Lanka,SEARO,4,663816,1,16516
2022-05-30,LK,Sri Lanka,SEARO,7,663823,1,16517
2022-05-31,LK,Sri Lanka,SEARO,11,663834,0,16517
2022-06-01,LK,Sri Lanka,SEARO,4,663838,1,16518
2022-06-02,LK,Sri Lanka,SEARO,7,663845,0,16518
2022-06-03,LK,Sri Lanka,SEARO,8,663853,0,16518
2022-06-04,LK,Sri Lanka,SEARO,9,663862,0,16518
2022-06-05,LK,Sri Lanka,SEARO,7,663869,0,16518
2022-06-06,LK,Sri Lanka,SEARO,15,663884,0,16518
2022-06-07,LK,Sri Lanka,SEARO,11,663895,0,16518
2022-06-08,LK,Sri Lanka,SEARO,6,663901,0,16518
2022-06-09,LK,Sri Lanka,SEARO,16,663917,0,16518
2022-06-10,LK,Sri Lanka,SEARO,5,663922,0,16518
2022-06-11,LK,Sri Lanka,SEARO,15,663937,1,16519
2022-06-12,LK,Sri Lanka,SEARO,13,663950,0,16519
2022-06-13,LK,Sri Lanka,SEARO,10,663960,0,16519
2022-06-14,LK,Sri Lanka,SEARO,5,663965,0,16519
2022-06-15,LK,Sri Lanka,SEARO,7,663972,0,16519
2022-06-16,LK,Sri Lanka,SEARO,3,663975,0,16519
2022-06-17,LK,Sri Lanka,SEARO,9,663984,1,16520
2022-06-18,LK,Sri Lanka,SEARO,5,663989,0,16520
2022-06-19,LK,Sri Lanka,SEARO,8,663997,0,16520
2022-06-20,LK,Sri Lanka,SEARO,13,664010,0,16520
2022-06-21,LK,Sri Lanka,SEARO,8,664018,0,16520
2022-06-22,LK,Sri Lanka,SEARO,18,664036,0,16520
2022-06-23,LK,Sri Lanka,SEARO,11,664047,0,16520
2022-06-24,LK,Sri Lanka,SEARO,5,664052,1,16521
2022-06-25,LK,Sri Lanka,SEARO,13,664065,0,16521
2022-06-26,LK,Sri Lanka,SEARO,15,664080,0,16521
2022-06-27,LK,Sri Lanka,SEARO,10,664090,0,16521
2022-06-28,LK,Sri Lanka,SEARO,8,664098,0,16521
2022-06-29,LK,Sri Lanka,SEARO,12,664110,0,16521
2022-06-30,LK,Sri Lanka,SEARO,13,664123,0,16521
2022-07-01,LK,Sri Lanka,SEARO,15,664138,0,16521
2022-07-02,LK,Sri Lanka,SEARO,12,664150,0,16521
2022-07-03,LK,Sri Lanka,SEARO,17,664167,1,16522
2022-07-04,LK,Sri Lanka,SEARO,14,664181,0,16522
2022-07-05,LK,Sri Lanka,SEARO,13,664194,1,16523
2022-07-06,LK,Sri Lanka,SEARO,3,664197,1,16524
2022-07-07,LK,Sri Lanka,SEARO,20,664217,1,16525
2022-07-08,LK,Sri Lanka,SEARO,18,664235,0,16525
2022-07-09,LK,Sri Lanka,SEARO,21,664256,0,16525
2022-07-10,LK,Sri Lanka,SEARO,17,664273,0,16525
2022-07-11,LK,Sri Lanka,SEARO,19,664292,1,16526
2022-07-12,LK,Sri Lanka,SEARO,23,664315,0,16526
2022-07-13,LK,Sri Lanka,SEARO,30,664345,0,16526
2022-07-14,LK,Sri Lanka,SEARO,19,664364,0,16526
2022-07-15,LK,Sri Lanka,SEARO,25,664389,0,16526
2022-07-16,LK,Sri Lanka,SEARO,25,664414,2,16528
2022-07-17,LK,Sri Lanka,SEARO,34,664448,0,16528
2022-07-18,LK,Sri Lanka,SEARO,62,664510,0,16528
2022-07-19,LK,Sri Lanka,SEARO,62,664572,3,16531
2022-07-20,LK,Sri Lanka,SEARO,75,664647,2,16533
2022-07-21,LK,Sri Lanka,SEARO,57,664704,2,16535
2022-07-22,LK,Sri Lanka,SEARO,68,664772,1,16536
2022-07-23,LK,Sri Lanka,SEARO,72,664844,1,16537
2022-07-24,LK,Sri Lanka,SEARO,56,664900,0,16537
2022-07-25,LK,Sri Lanka,SEARO,75,664975,2,16539
2022-07-26,LK,Sri Lanka,SEARO,119,665094,5,16544
2022-07-27,LK,Sri Lanka,SEARO,154,665248,4,16548
2022-07-28,LK,Sri Lanka,SEARO,131,665379,0,16548
2022-07-29,LK,Sri Lanka,SEARO,164,665543,5,16553
2022-07-30,LK,Sri Lanka,SEARO,83,665626,3,16556
2022-07-31,LK,Sri Lanka,SEARO,113,665739,0,16556
2022-08-01,LK,Sri Lanka,SEARO,135,665874,3,16559
2022-08-02,LK,Sri Lanka,SEARO,90,665964,7,16566
2022-08-03,LK,Sri Lanka,SEARO,122,666086,8,16574
2022-08-04,LK,Sri Lanka,SEARO,146,666232,0,16574
2022-08-05,LK,Sri Lanka,SEARO,181,666413,4,16578
2022-08-06,LK,Sri Lanka,SEARO,167,666580,5,16583
2022-08-07,LK,Sri Lanka,SEARO,184,666764,3,16586
2022-08-08,LK,Sri Lanka,SEARO,180,666944,2,16588
2022-08-09,LK,Sri Lanka,SEARO,214,667158,6,16594
2022-08-10,LK,Sri Lanka,SEARO,227,667385,9,16603
2022-08-11,LK,Sri Lanka,SEARO,188,667573,2,16605
2022-08-12,LK,Sri Lanka,SEARO,162,667735,9,16614
2022-08-13,LK,Sri Lanka,SEARO,181,667916,5,16619
2022-08-14,LK,Sri Lanka,SEARO,96,668012,2,16621
2022-08-15,LK,Sri Lanka,SEARO,129,668141,3,16624
2022-08-16,LK,Sri Lanka,SEARO,195,668336,6,16630
2022-08-17,LK,Sri Lanka,SEARO,161,668497,5,16635
2022-08-18,LK,Sri Lanka,SEARO,166,668663,5,16640
2022-08-19,LK,Sri Lanka,SEARO,164,668827,6,16646
2022-08-20,LK,Sri Lanka,SEARO,140,668967,4,16650
2022-08-21,LK,Sri Lanka,SEARO,66,669033,4,16654
2022-08-22,LK,Sri Lanka,SEARO,103,669136,6,16660
2022-08-23,LK,Sri Lanka,SEARO,226,669362,4,16664
2022-08-24,LK,Sri Lanka,SEARO,105,669467,5,16669
2022-08-25,LK,Sri Lanka,SEARO,114,669581,6,16675
2022-08-26,LK,Sri Lanka,SEARO,58,669639,4,16679
2022-08-27,LK,Sri Lanka,SEARO,54,669693,6,16685
2022-08-28,LK,Sri Lanka,SEARO,56,669749,2,16687
2022-08-29,LK,Sri Lanka,SEARO,70,669819,5,16692
2022-08-30,LK,Sri Lanka,SEARO,74,669893,3,16695
2022-08-31,LK,Sri Lanka,SEARO,64,669957,3,16698
2022-09-01,LK,Sri Lanka,SEARO,61,670018,1,16699
2022-09-02,LK,Sri Lanka,SEARO,59,670077,4,16703
2022-09-03,LK,Sri Lanka,SEARO,50,670127,4,16707
2022-09-04,LK,Sri Lanka,SEARO,49,670176,4,16711
2022-09-05,LK,Sri Lanka,SEARO,42,670218,1,16712
2022-09-06,LK,Sri Lanka,SEARO,33,670251,4,16716
2022-09-07,LK,Sri Lanka,SEARO,46,670297,3,16719
2022-09-08,LK,Sri Lanka,SEARO,44,670341,5,16724
2022-09-09,LK,Sri Lanka,SEARO,35,670376,1,16725
2022-09-10,LK,Sri Lanka,SEARO,32,670408,2,16727
2022-09-11,LK,Sri Lanka,SEARO,36,670444,1,16728
2022-09-12,LK,Sri Lanka,SEARO,27,670471,3,16731
2022-09-13,LK,Sri Lanka,SEARO,30,670501,5,16736
2022-09-14,LK,Sri Lanka,SEARO,18,670519,1,16737
2022-09-15,LK,Sri Lanka,SEARO,22,670541,1,16738
2022-09-16,LK,Sri Lanka,SEARO,29,670570,4,16742
2022-09-17,LK,Sri Lanka,SEARO,13,670583,2,16744
2022-09-18,LK,Sri Lanka,SEARO,13,670596,3,16747
2022-09-19,LK,Sri Lanka,SEARO,21,670617,1,16748
2022-09-20,LK,Sri Lanka,SEARO,24,670641,0,16748
2022-09-21,LK,Sri Lanka,SEARO,14,670655,3,16751
2022-09-22,LK,Sri Lanka,SEARO,13,670668,1,16752
2022-09-23,LK,Sri Lanka,SEARO,17,670685,1,16753
2022-09-24,LK,Sri Lanka,SEARO,9,670694,1,16754
2022-09-25,LK,Sri Lanka,SEARO,15,670709,1,16755
2022-09-26,LK,Sri Lanka,SEARO,9,670718,1,16756
2022-09-27,LK,Sri Lanka,SEARO,14,670732,1,16757
2022-09-28,LK,Sri Lanka,SEARO,17,670749,2,16759
2022-09-29,LK,Sri Lanka,SEARO,14,670763,2,16761
2022-09-30,LK,Sri Lanka,SEARO,10,670773,0,16761
2022-10-01,LK,Sri Lanka,SEARO,7,670780,1,16762
2022-10-02,LK,Sri Lanka,SEARO,10,670790,0,16762
2022-10-03,LK,Sri Lanka,SEARO,15,670805,1,16763
2022-10-04,LK,Sri Lanka,SEARO,8,670813,1,16764
2022-10-05,LK,Sri Lanka,SEARO,7,670820,2,16766
2022-10-06,LK,Sri Lanka,SEARO,18,670838,0,16766
2022-10-07,LK,Sri Lanka,SEARO,6,670844,1,16767
2022-10-08,LK,Sri Lanka,SEARO,13,670857,0,16767
2022-10-09,LK,Sri Lanka,SEARO,12,670869,1,16768
2022-10-10,LK,Sri Lanka,SEARO,4,670873,0,16768
2022-10-11,LK,Sri Lanka,SEARO,11,670884,0,16768
2022-10-12,LK,Sri Lanka,SEARO,12,670896,0,16768
2022-10-13,LK,Sri Lanka,SEARO,3,670899,0,16768
2022-10-14,LK,Sri Lanka,SEARO,4,670903,0,16768
2022-10-15,LK,Sri Lanka,SEARO,15,670918,1,16769
2022-10-16,LK,Sri Lanka,SEARO,3,670921,0,16769
2022-10-17,LK,Sri Lanka,SEARO,8,670929,0,16769
2022-10-18,LK,Sri Lanka,SEARO,13,670942,1,16770
2022-10-19,LK,Sri Lanka,SEARO,10,670952,2,16772
2022-10-20,LK,Sri Lanka,SEARO,14,670966,1,16773
2022-10-21,LK,Sri Lanka,SEARO,11,670977,1,16774
2022-10-22,LK,Sri Lanka,SEARO,12,670989,0,16774
2022-10-23,LK,Sri Lanka,SEARO,5,670994,0,16774
2022-10-24,LK,Sri Lanka,SEARO,9,671003,0,16774
2022-10-25,LK,Sri Lanka,SEARO,12,671015,0,16774
2022-10-26,LK,Sri Lanka,SEARO,15,671030,2,16776
2022-10-27,LK,Sri Lanka,SEARO,7,671037,1,16777
2022-10-28,LK,Sri Lanka,SEARO,14,671051,2,16779
2022-10-29,LK,Sri Lanka,SEARO,8,671059,0,16779
2022-10-30,LK,Sri Lanka,SEARO,11,671070,0,16779
2022-10-31,LK,Sri Lanka,SEARO,17,671087,1,16780
2022-11-01,LK,Sri Lanka,SEARO,23,671110,1,16781
2022-11-02,LK,Sri Lanka,SEARO,15,671125,0,16781
2022-11-03,LK,Sri Lanka,SEARO,177,671302,1,16782
2022-11-04,LK,Sri Lanka,SEARO,8,671310,0,16782
2022-11-05,LK,Sri Lanka,SEARO,10,671320,0,16782
2022-11-06,LK,Sri Lanka,SEARO,8,671328,0,16782
2022-11-07,LK,Sri Lanka,SEARO,6,671334,0,16782
2022-11-08,LK,Sri Lanka,SEARO,16,671350,0,16782
2022-11-09,LK,Sri Lanka,SEARO,4,671354,1,16783
2022-11-10,LK,Sri Lanka,SEARO,15,671369,0,16783
2022-11-11,LK,Sri Lanka,SEARO,15,671384,1,16784
2022-11-12,LK,Sri Lanka,SEARO,22,671406,0,16784
2022-11-13,LK,Sri Lanka,SEARO,11,671417,0,16784
2022-11-14,LK,Sri Lanka,SEARO,14,671431,0,16784
2022-11-15,LK,Sri Lanka,SEARO,24,671455,0,16784
2022-11-16,LK,Sri Lanka,SEARO,0,671455,0,16784
2022-11-17,LK,Sri Lanka,SEARO,10,671465,1,16785
2022-11-18,LK,Sri Lanka,SEARO,16,671481,3,16788
2022-11-19,LK,Sri Lanka,SEARO,16,671497,3,16791
2022-11-20,LK,Sri Lanka,SEARO,8,671505,0,16791
2022-11-21,LK,Sri Lanka,SEARO,17,671522,2,16793
2022-11-22,LK,Sri Lanka,SEARO,24,671546,2,16795
2022-11-23,LK,Sri Lanka,SEARO,17,671563,0,16795
2022-11-24,LK,Sri Lanka,SEARO,23,671586,1,16796
2022-11-25,LK,Sri Lanka,SEARO,24,671610,1,16797
2022-11-26,LK,Sri Lanka,SEARO,16,671626,2,16799
2022-11-27,LK,Sri Lanka,SEARO,12,671638,1,16800
2022-11-28,LK,Sri Lanka,SEARO,4,671642,0,16800
2022-11-29,LK,Sri Lanka,SEARO,9,671651,2,16802
2022-11-30,LK,Sri Lanka,SEARO,20,671671,0,16802
2022-12-01,LK,Sri Lanka,SEARO,11,671682,1,16803
2022-12-02,LK,Sri Lanka,SEARO,5,671687,2,16805
2022-12-03,LK,Sri Lanka,SEARO,8,671695,0,16805
2022-12-04,LK,Sri Lanka,SEARO,8,671703,0,16805
2022-12-05,LK,Sri Lanka,SEARO,8,671711,0,16805
2022-12-06,LK,Sri Lanka,SEARO,3,671714,0,16805
2022-12-07,LK,Sri Lanka,SEARO,5,671719,1,16806
2022-12-08,LK,Sri Lanka,SEARO,3,671722,0,16806
2022-12-09,LK,Sri Lanka,SEARO,20,671742,1,16807
2022-12-10,LK,Sri Lanka,SEARO,3,671745,1,16808
2022-12-11,LK,Sri Lanka,SEARO,7,671752,0,16808
2022-12-12,LK,Sri Lanka,SEARO,4,671756,0,16808
2022-12-13,LK,Sri Lanka,SEARO,5,671761,0,16808
2022-12-14,LK,Sri Lanka,SEARO,9,671770,1,16809
2022-12-15,LK,Sri Lanka,SEARO,6,671776,2,16811
2022-12-16,LK,Sri Lanka,SEARO,17,671793,1,16812
2022-12-17,LK,Sri Lanka,SEARO,4,671797,1,16813
2022-12-18,LK,Sri Lanka,SEARO,11,671808,1,16814
2022-12-19,LK,Sri Lanka,SEARO,5,671813,0,16814
2022-12-20,LK,Sri Lanka,SEARO,4,671817,0,16814
2022-12-21,LK,Sri Lanka,SEARO,4,671821,0,16814
2022-12-22,LK,Sri Lanka,SEARO,10,671831,0,16814
2022-12-23,LK,Sri Lanka,SEARO,7,671838,0,16814
2022-12-24,LK,Sri Lanka,SEARO,5,671843,0,16814
2022-12-25,LK,Sri Lanka,SEARO,8,671851,1,16815
2022-12-26,LK,Sri Lanka,SEARO,4,671855,0,16815
2022-12-27,LK,Sri Lanka,SEARO,4,671859,0,16815
2022-12-28,LK,Sri Lanka,SEARO,4,671863,2,16817
2022-12-29,LK,Sri Lanka,SEARO,12,671875,0,16817
2022-12-30,LK,Sri Lanka,SEARO,4,671879,0,16817
2022-12-31,LK,Sri Lanka,SEARO,5,671884,0,16817
2023-01-01,LK,Sri Lanka,SEARO,7,671891,0,16817
2023-01-02,LK,Sri Lanka,SEARO,2,671893,0,16817
2023-01-03,LK,Sri Lanka,SEARO,5,671898,0,16817
2023-01-04,LK,Sri Lanka,SEARO,5,671903,0,16817
2023-01-05,LK,Sri Lanka,SEARO,3,671906,1,16818
2023-01-06,LK,Sri Lanka,SEARO,10,671916,0,16818
2023-01-07,LK,Sri Lanka,SEARO,7,671923,0,16818
2023-01-08,LK,Sri Lanka,SEARO,4,671927,0,16818
2023-01-09,LK,Sri Lanka,SEARO,2,671929,1,16819
2023-01-10,LK,Sri Lanka,SEARO,8,671937,1,16820
2023-01-11,LK,Sri Lanka,SEARO,5,671942,0,16820
2023-01-12,LK,Sri Lanka,SEARO,6,671948,1,16821
2023-01-13,LK,Sri Lanka,SEARO,6,671954,0,16821
2023-01-14,LK,Sri Lanka,SEARO,5,671959,1,16822
2023-01-15,LK,Sri Lanka,SEARO,4,671963,1,16823
2023-01-16,LK,Sri Lanka,SEARO,1,671964,0,16823
2023-01-17,LK,Sri Lanka,SEARO,2,671966,1,16824
2023-01-18,LK,Sri Lanka,SEARO,2,671968,0,16824
2023-01-19,LK,Sri Lanka,SEARO,2,671970,0,16824
2023-01-20,LK,Sri Lanka,SEARO,4,671974,0,16824
2023-01-21,LK,Sri Lanka,SEARO,2,671976,1,16825
2023-01-22,LK,Sri Lanka,SEARO,0,671976,0,16825
2023-01-23,LK,Sri Lanka,SEARO,5,671981,0,16825
2023-01-24,LK,Sri Lanka,SEARO,2,671983,1,16826
2023-01-25,LK,Sri Lanka,SEARO,1,671984,0,16826
2023-01-26,LK,Sri Lanka,SEARO,1,671985,0,16826
2023-01-27,LK,Sri Lanka,SEARO,1,671986,0,16826
2023-01-28,LK,Sri Lanka,SEARO,0,671986,0,16826
2023-01-29,LK,Sri Lanka,SEARO,1,671987,1,16827
2023-01-30,LK,Sri Lanka,SEARO,0,671987,1,16828
2023-01-31,LK,Sri Lanka,SEARO,1,671988,0,16828
2023-02-01,LK,Sri Lanka,SEARO,1,671989,0,16828
2023-02-02,LK,Sri Lanka,SEARO,2,671991,0,16828
2023-02-03,LK,Sri Lanka,SEARO,3,671994,0,16828
2023-02-04,LK,Sri Lanka,SEARO,1,671995,0,16828
2023-02-05,LK,Sri Lanka,SEARO,5,672000,0,16828
2023-02-06,LK,Sri Lanka,SEARO,0,672000,0,16828
2023-02-07,LK,Sri Lanka,SEARO,2,672002,0,16828
2023-02-08,LK,Sri Lanka,SEARO,1,672003,0,16828
2023-02-09,LK,Sri Lanka,SEARO,1,672004,0,16828
2023-02-10,LK,Sri Lanka,SEARO,1,672005,0,16828
2023-02-11,LK,Sri Lanka,SEARO,2,672007,0,16828
2023-02-12,LK,Sri Lanka,SEARO,0,672007,0,16828
2023-02-13,LK,Sri Lanka,SEARO,2,672009,1,16829
2023-02-14,LK,Sri Lanka,SEARO,3,672012,0,16829
2023-02-15,LK,Sri Lanka,SEARO,3,672015,0,16829
2023-02-16,LK,Sri Lanka,SEARO,1,672016,0,16829
2023-02-17,LK,Sri Lanka,SEARO,1,672017,0,16829
2023-02-18,LK,Sri Lanka,SEARO,1,672018,0,16829
2023-02-19,LK,Sri Lanka,SEARO,2,672020,0,16829
2023-02-20,LK,Sri Lanka,SEARO,1,672021,0,16829
2023-02-21,LK,Sri Lanka,SEARO,1,672022,0,16829
2023-02-22,LK,Sri Lanka,SEARO,1,672023,0,16829
2023-02-23,LK,Sri Lanka,SEARO,1,672024,0,16829
2023-02-24,LK,Sri Lanka,SEARO,1,672025,1,16830
2023-02-25,LK,Sri Lanka,SEARO,1,672026,0,16830
2023-02-26,LK,Sri Lanka,SEARO,0,672026,0,16830
2023-02-27,LK,Sri Lanka,SEARO,1,672027,0,16830
2023-02-28,LK,Sri Lanka,SEARO,2,672029,0,16830
2023-03-01,LK,Sri Lanka,SEARO,1,672030,0,16830
2023-03-02,LK,Sri Lanka,SEARO,1,672031,0,16830
2023-03-03,LK,Sri Lanka,SEARO,0,672031,0,16830
2023-03-04,LK,Sri Lanka,SEARO,1,672032,0,16830
2023-03-05,LK,Sri Lanka,SEARO,0,672032,0,16830
2023-03-06,LK,Sri Lanka,SEARO,2,672034,0,16830
2023-03-07,LK,Sri Lanka,SEARO,0,672034,0,16830
2023-03-08,LK,Sri Lanka,SEARO,2,672036,0,16830
2023-03-09,LK,Sri Lanka,SEARO,1,672037,0,16830
2023-03-10,LK,Sri Lanka,SEARO,2,672039,0,16830
2023-03-11,LK,Sri Lanka,SEARO,1,672040,0,16830
2023-03-12,LK,Sri Lanka,SEARO,0,672040,0,16830
2023-03-13,LK,Sri Lanka,SEARO,1,672041,0,16830
2023-03-14,LK,Sri Lanka,SEARO,2,672043,1,16831
2023-03-15,LK,Sri Lanka,SEARO,4,672047,0,16831
2023-03-16,LK,Sri Lanka,SEARO,1,672048,0,16831
2023-03-17,LK,Sri Lanka,SEARO,0,672048,0,16831
2023-03-18,LK,Sri Lanka,SEARO,3,672051,0,16831
2023-03-19,LK,Sri Lanka,SEARO,1,672052,0,16831
2023-03-20,LK,Sri Lanka,SEARO,1,672053,0,16831
2023-03-21,LK,Sri Lanka,SEARO,1,672054,1,16832
2023-03-22,LK,Sri Lanka,SEARO,4,672058,0,16832
2023-03-23,LK,Sri Lanka,SEARO,1,672059,1,16833
2023-03-24,LK,Sri Lanka,SEARO,2,672061,0,16833
2023-03-25,LK,Sri Lanka,SEARO,2,672063,0,16833
2023-03-26,LK,Sri Lanka,SEARO,0,672063,0,16833
2023-03-27,LK,Sri Lanka,SEARO,1,672064,0,16833
2023-03-28,LK,Sri Lanka,SEARO,4,672068,1,16834
2023-03-29,LK,Sri Lanka,SEARO,0,672068,0,16834
2023-03-30,LK,Sri Lanka,SEARO,1,672069,0,16834
2023-03-31,LK,Sri Lanka,SEARO,0,672069,0,16834
2023-04-01,LK,Sri Lanka,SEARO,5,672074,0,16834
2023-04-02,LK,Sri Lanka,SEARO,2,672076,0,16834
2023-04-03,LK,Sri Lanka,SEARO,1,672077,0,16834
2023-04-04,LK,Sri Lanka,SEARO,2,672079,0,16834
2023-04-05,LK,Sri Lanka,SEARO,4,672083,0,16834
2023-04-06,LK,Sri Lanka,SEARO,1,672084,0,16834
2023-04-07,LK,Sri Lanka,SEARO,2,672086,0,16834
2023-04-08,LK,Sri Lanka,SEARO,1,672087,0,16834
2023-04-09,LK,Sri Lanka,SEARO,2,672089,0,16834
2023-04-10,LK,Sri Lanka,SEARO,2,672091,0,16834
2023-04-11,LK,Sri Lanka,SEARO,1,672092,1,16835
2023-04-12,LK,Sri Lanka,SEARO,2,672094,0,16835
2023-04-13,LK,Sri Lanka,SEARO,3,672097,0,16835
2023-04-14,LK,Sri Lanka,SEARO,4,672101,0,16835
2023-04-15,LK,Sri Lanka,SEARO,2,672103,0,16835
2023-04-16,LK,Sri Lanka,SEARO,1,672104,0,16835
2023-04-17,LK,Sri Lanka,SEARO,2,672106,0,16835
2023-04-18,LK,Sri Lanka,SEARO,4,672110,0,16835
2023-04-19,LK,Sri Lanka,SEARO,8,672118,0,16835
2023-04-20,LK,Sri Lanka,SEARO,5,672123,0,16835
2023-04-21,LK,Sri Lanka,SEARO,4,672127,1,16836
2023-04-22,LK,Sri Lanka,SEARO,3,672130,2,16838
2023-04-23,LK,Sri Lanka,SEARO,2,672132,0,16838
2023-04-24,LK,Sri Lanka,SEARO,4,672136,0,16838
2023-04-25,LK,Sri Lanka,SEARO,3,672139,1,16839
2023-04-26,LK,Sri Lanka,SEARO,4,672143,2,16841
2023-04-27,LK,Sri Lanka,SEARO,7,672150,0,16841
2023-04-28,LK,Sri Lanka,SEARO,3,672153,0,16841
2023-04-29,LK,Sri Lanka,SEARO,6,672159,1,16842
2023-04-30,LK,Sri Lanka,SEARO,5,672164,0,16842
2023-05-01,LK,Sri Lanka,SEARO,7,672171,0,16842
2023-05-02,LK,Sri Lanka,SEARO,6,672177,1,16843
2023-05-03,LK,Sri Lanka,SEARO,6,672183,1,16844
2023-05-04,LK,Sri Lanka,SEARO,5,672188,0,16844
2023-05-05,LK,Sri Lanka,SEARO,6,672194,0,16844
2023-05-06,LK,Sri Lanka,SEARO,13,672207,0,16844
2023-05-07,LK,Sri Lanka,SEARO,8,672215,3,16847
2023-05-08,LK,Sri Lanka,SEARO,6,672221,0,16847
2023-05-09,LK,Sri Lanka,SEARO,6,672227,2,16849
2023-05-10,LK,Sri Lanka,SEARO,5,672232,1,16850
2023-05-11,LK,Sri Lanka,SEARO,9,672241,1,16851
2023-05-12,LK,Sri Lanka,SEARO,24,672265,0,16851
2023-05-13,LK,Sri Lanka,SEARO,10,672275,2,16853
2023-05-14,LK,Sri Lanka,SEARO,8,672283,2,16855
2023-05-15,LK,Sri Lanka,SEARO,10,672293,0,16855
2023-05-16,LK,Sri Lanka,SEARO,11,672304,1,16856
2023-05-17,LK,Sri Lanka,SEARO,13,672317,0,16856
2023-05-18,LK,Sri Lanka,SEARO,5,672322,2,16858
2023-05-19,LK,Sri Lanka,SEARO,20,672342,3,16861
2023-05-20,LK,Sri Lanka,SEARO,15,672357,3,16864
2023-05-21,LK,Sri Lanka,SEARO,9,672366,1,16865
2023-05-22,LK,Sri Lanka,SEARO,5,672371,0,16865
2023-05-23,LK,Sri Lanka,SEARO,9,672380,3,16868
2023-05-24,LK,Sri Lanka,SEARO,13,672393,1,16869
2023-05-25,LK,Sri Lanka,SEARO,15,672408,1,16870
2023-05-26,LK,Sri Lanka,SEARO,11,672419,0,16870
2023-05-27,LK,Sri Lanka,SEARO,11,672430,0,16870
2023-05-28,LK,Sri Lanka,SEARO,9,672439,0,16870
2023-05-29,LK,Sri Lanka,SEARO,5,672444,0,16870
2023-05-30,LK,Sri Lanka,SEARO,5,672449,2,16872
2023-05-31,LK,Sri Lanka,SEARO,0,672449,0,16872